category_tree,service_name,stats_category
Non Prenotabili,App Balayage - Capelli Corti,Balayage
Non Prenotabili,App Balayage - Capelli Medi,Balayage
Non Prenotabili,App Balayage - Capelli Lunghi,Balayage
Non Prenotabili,App Balayage - Capelli Corti da,Balayage
Non Prenotabili,App Balayage - Capelli Lunghi,Balayage
Non Prenotabili,App Balayage,Balayage
Da eliminare > *Non prenotabili da Eliminare,App Balayage - Capelli Lunghi,Balayage
Capelli Medi,Balayage,Balayage
Servizi Non prenotabili,App. Balayage Lunghi,Balayage
Servizi Non prenotabili,App. Balayage,Balayage
Capelli Medi,App Balayage,Balayage
Non Prenotabili,App Balayage - Capelli Corti,Balayage
Maschile,Rasatura Barba,Barba
Maschile,Foggiatura Barba,Barba
Maschile,Rasatura a Macchinetta,Barba
Maschile,Barba Modellata,Barba
Barba,Taglio e Modellatura Barba Lunga,Barba
Barber,Sagomatura Barba,Barba
Servizi Peppe,Barba,Barba
Maschile,Barba all'Italiana (rasatura totale),Barba
Maschile,Barba,Barba
Servizi Arcangelo,Rasatura standard,Barba
Barbe,Barba e Trattamento viso,Barba
nan,Barba Modellata,Barba
Maschile,Barba Modellata,Barba
Maschile,Barba con Panno caldo,Barba
Barber,Pulizia Collo + Sagomatura Barba,Barba
nan,Modellatura barba,Barba
Maschile,Barba Deluxe + Maschera viso + Skincare (vaporizzatore),Barba
Ceretta,Labbro Superiore,Ceretta
Ceretta,Gambe intere,Ceretta
Ceretta,Gambe + Inguine,Ceretta
Ceretta,Inguine Bikini,Ceretta
Ceretta,Inguine Integrale,Ceretta
Ceretta,Braccia,Ceretta
Ceretta,Gluteo,Ceretta
Ceretta,Metà gamba inferiore,Ceretta
Ceretta,Metà gamba superiore,Ceretta
Ceretta,Ascelle,Ceretta
Estetica di Base,Ascelle,Ceretta
Ceretta,Gluteo,Ceretta
SERVIZI ESTETICA UOMO > ESTETICA UOMO,Cera Completa Gamba,Ceretta
Ceretta uomo,Gambe,Ceretta
Ceretta,Metà gamba inferiore,Ceretta
Epilazione cera classica,Epilazione Torace,Ceretta
Epilazione  > Ceretta Donna,Inguine Integrale,Ceretta
Cosmesi > Ceretta,Baffetto,Ceretta
Estetica,ceretta completa,Ceretta
Cera Brasiliana,Cera Brasiliana Ascelle,Ceretta
Epilazione,Cera Gambe,Ceretta
Ceretta > Ceretta Donna,Gambe + Inguine,Ceretta
Epilazione > Ceretta Uomo,Glutei,Ceretta
Estetica,cera totale con inguine sgambato,Ceretta
EPILAZIONI,CERETTA TOTALE,Ceretta
Estetica,Ceretta Ascelle,Ceretta
Epilazione,Ceretta inguine,Ceretta
CERETTA BRASILIANA  > Donna Corpo,Braccia Complete,Ceretta
Estetica,Ceretta Braccia,Ceretta
EPILAZIONE CERA,INGUINE PARZIALE,Ceretta
Ceretta Donna,Ascelle,Ceretta
Ceretta,Coscia,Ceretta
Ceretta Uomo,Braccia da,Ceretta
Ceretta,Dorso,Ceretta
Filo Arabo,Epilazione labbro superiore,Ceretta
Epilazione > Ceretta Uomo,Uomo ceretta Ascella,Ceretta
Depilazione cera brasiliana,Ascelle,Ceretta
Epilazione cera classica,epilazione dorso piu lombari,Ceretta
Eventi,Acconciatura Matrimonio da,Ceretta
Ceretta Uomo,Cavo Ascellare,Ceretta
Epilazione cera classica,Epilazione Labbro superiore,Ceretta
Ceretta,Baffetto,Ceretta
EPILAZIONE,Cera Inguine,Ceretta
Ceretta,Cera petto uomo,Ceretta
CERETTA BRASILIANA  > Uomo Corpo,Inguine,Ceretta
Ceretta,Inguine Bikini,Ceretta
Ceretta,Gambe + Inguine,Ceretta
Epilazione Donna,metà gamba + inguine,Ceretta
Estetica di base > Estetica di base,Ceretta braccia,Ceretta
Epilazione > Ceretta Donna,Inguine Bikini,Ceretta
Epilazione,Inguine Bikini,Ceretta
Epilazione,Pancia,Ceretta
EPILAZIONE,Cera Braccia Uomo,Ceretta
Depilazione Uomo,Petto,Ceretta
Estetica di Base,Epilazione Gamba Uomo,Ceretta
Ceretta,Inguine Integrale,Ceretta
Ceretta Classica Donna,Baffetti,Ceretta
Estetica base e trucco,Epilazione inguine,Ceretta
Depilazione Uomo,Schiena + Spalla,Ceretta
Epilazione > Ceretta Uomo,Ascelle,Ceretta
EPILAZIONE,Ascelle,Ceretta
EPILAZIONE CERA,ASCELLE,Ceretta
Trattamenti Corpo > Depilazione,Ceretta inguine bikini da,Ceretta
Estetica di base > Ceretta brasiliana > Ceretta brasiliana  DONNA,Avambracci,Ceretta
ESTETICA DONNA,Coscia,Ceretta
TRATTAMENTI CORPO,Peeling Corpo,Ceretta
Epilazione Uomo,epilazione addome,Ceretta
EPILAZIONE,Skin Inguine Brasiliano,Ceretta
Ceretta Uomo,Glutei,Ceretta
Epilazione metodo brasiliana Donna,Epilazione Seno,Ceretta
Ceretta,Braccia,Ceretta
Epilazione Donna,Mezza Gamba + Inguine Parziale + Sopracciglia + Labbro Superiore,Ceretta
Ceretta,Metà gamba inferiore,Ceretta
Ceretta,Viso Completo,Ceretta
Epilazione,Epilazione pancia,Ceretta
Epilazione Donna,Mezza Gamba + Inguine Parziale,Ceretta
Skin Donna,Skin Ascelle,Ceretta
EPILAZIONE,SKINS VISO,Ceretta
Sopracciglia,Sopracciglia Pinzetta,Ciglia/Sopracciglia
Sopracciglia,Sopracciglia con ceretta + pinzetta,Ciglia/Sopracciglia
nan,Laminazione ciglia,Ciglia/Sopracciglia
Trattamenti viso,Laminazione e colorazione sopraciglia,Ciglia/Sopracciglia
Trucco > Trattamenti Correttivi,Laminazione Ciglia,Ciglia/Sopracciglia
Non Prenotabili,App Ritocco Colore - Capelli Corti,Colore
Non Prenotabili,App Ritocco Colore - Capelli Medi,Colore
Non Prenotabili,App Ritocco Colore - Capelli Lunghi,Colore
Non Prenotabili,App Colore Completo - Capelli Corti,Colore
Non Prenotabili,App Colore Completo - Capelli Medi,Colore
Non Prenotabili,App Colore Completo - Capelli Lunghi,Colore
Non Prenotabili,App Ritocco Colore - Capelli Corti,Colore
Capelli Medi,App Colore Completo,Colore
Capelli  Medi,Colore Ricrescita,Colore
Non Prenotabili,App Ritocco Colore - Capelli Corti,Colore
Servizi Non prenotabili,App. Colore Completo Medi,Colore
Servizi Non prenotabili,APP. COLORE COMPLETO CORTI,Colore
Servizi Non prenotabili,App. Colore Completo Capelli Corti,Colore
Non Prenotabili,App Ritocco Colore - Capelli Medi,Colore
SERVIZI DONNA,COLORE COMPLETO(COMPRESO LUNGHEZZA) CAPELLI LUNGHI,Colore
Acconciature > Non Prenotabili,App Colore (radici) - Capelli Medi,Colore
Parrucchiere Donna,App. Colore Completo,Colore
Trattamento,Colore Completo,Colore
Servizi Non prenotabili,App. Colore Base corto,Colore
Servizi Non prenotabili,APP. RITOCCO COLORE,Colore
Femminile > Tecnico,RITOCCO INOA,Colore
DONNA,Eclairage Super Blonde,Colore
Capelli Corti/Medi > Senza Taglio,Armocroma Puna,Colore
Servizi Non prenotabili,App. I - Color Lunghi,Colore
nan,COLOR PLUS,Colore
Capelli Lunghi > Capelli Lunghi Senza Taglio,App. Effetti Luce Complete,Colore
Capelli corti  > Capelli Corti Senza Taglio,App. effetti luce Parziali,Colore
Consulenza,Consulenza Viso,Consulenza
Consulenza,Consulenza Corpo,Consulenza
Consulenza,Consulenza Trattamento di Epilazione Laser,Consulenza
Consulenza,Consulenza Trattamento di Epilazione Laser,Consulenza
Consulenza,Consulenza Corpo,Consulenza
Consulenza,Consulenza Trattamento di Epilazione Laser,Consulenza
Trattamento Epilazione Laser Donna,Laser total body donna,Consulenza
CONSULENZE > CONSULENZA PLEASURE,Consulenza Extension,Consulenza
Estetica > Consulenza,Consulenza Trattamento di Epilazione Laser,Consulenza
nan,Consulenza Trico,Consulenza
Femminile Capelli Corti,Armocromia,Consulenza
Non Prenotabili,App Decapage,Decapate
Non Prenotabili,App Degradè Ritocco - Capelli Corti,Degradè
Non Prenotabili,App Degradè Ritocco - Capelli Medi,Degradè
Non Prenotabili,App Degradè Ritocco - Capelli Lunghi,Degradè
Non Prenotabili,App Degradè - Capelli Corti,Degradè
Non Prenotabili,App Degradè - Capelli Medi,Degradè
Non Prenotabili,App Degradè - Capelli Lunghi,Degradè
Non Prenotabili,Degradè,Degradè
Non Prenotabili,App Degradè Ritocco - Capelli Medi,Degradè
Trattamento Epilazione Laser Donna,Laser Gambe Intere,Epilazione laser
Trattamento Epilazione Laser Donna,Laser Metà Gambe Superiore,Epilazione laser
Trattamento Epilazione Laser Donna,Laser Metà Gambe Inferiore,Epilazione laser
Trattamento Epilazione Laser Donna,Laser Gambe + Inguine,Epilazione laser
Trattamento Epilazione Laser Donna,Laser Inguine Bikini,Epilazione laser
Trattamento Epilazione Laser Donna,Laser Inguine Integrale,Epilazione laser
Trattamento Epilazione Laser Donna,Laser Baffetto,Epilazione laser
Trattamento Epilazione Laser Donna,Laser Viso Completo,Epilazione laser
Trattamento Epilazione Laser Donna,Laser Mento Ristretto,Epilazione laser
Trattamento Epilazione Laser Donna,Laser Mento Esteso,Epilazione laser
Trattamento Epilazione Laser Donna,Laser Ascelle,Epilazione laser
Trattamento Epilazione Laser Donna,Laser Glutei,Epilazione laser
Trattamento Epilazione Laser Donna,Laser Mani,Epilazione laser
Trattamento Epilazione Laser Donna,Laser Piedi,Epilazione laser
Trattamento Epilazione Laser Donna,Laser Petto,Epilazione laser
Trattamento Epilazione Laser Donna,Laser Addome,Epilazione laser
Trattamento Epilazione Laser Donna,Laser Braccia,Epilazione laser
Trattamento Epilazione Laser Donna,Laser Raditura viso,Epilazione laser
Trattamento Epilazione Laser Uomo,Laser Gambe,Epilazione laser
Trattamento Epilazione Laser Uomo,Laser Deltoidi,Epilazione laser
Trattamento Epilazione Laser Uomo,Laser Ascelle,Epilazione laser
Trattamento Epilazione Laser Uomo,Laser Braccia,Epilazione laser
Trattamento Epilazione Laser Uomo,Laser Petto,Epilazione laser
Trattamento Epilazione Laser Uomo,Laser Addome,Epilazione laser
Trattamento Epilazione Laser Uomo,Laser Petto + Addome,Epilazione laser
Trattamento Epilazione Laser Uomo,Laser Spalle,Epilazione laser
Trattamento Epilazione Laser Uomo,Laser Schiena Superiore,Epilazione laser
Trattamento Epilazione Laser Uomo,Laser Schiena Inferiore,Epilazione laser
Trattamento Epilazione Laser Uomo,Laser Schiena Completa,Epilazione laser
Trattamento Epilazione Laser Uomo,Laser Glutei,Epilazione laser
Epilazione Laser (Donna),Laser Viso Completo,Epilazione laser
Laser  > Laser Uomo,Laser Petto,Epilazione laser
Laser a Diodo 808,Zigomi Uomo,Epilazione laser
Trattamento Epilazione Laser Donna,Laser Gambe + Inguine,Epilazione laser
Trattamento Epilazione Laser Donna,Ascelle,Epilazione laser
Epilazione Donna,Epilazione Glutei,Epilazione laser
Trattamento Epilazione Laser Donna,Laser Addome,Epilazione laser
Trattamento Epilazione Laser Uomo,laser orecchie,Epilazione laser
Trattamento Epilazione Laser Donna,Laser Gambe + Inguine,Epilazione laser
EpilFree > Intimo,Ascelle,Epilazione laser
Epilazione Laser,Laser gambe complete+inguine,Epilazione laser
Trattamento Epilazione Laser Uomo,Laser Petto + Addome,Epilazione laser
Trattamento Epilazione Laser Uomo,Laser Petto,Epilazione laser
Trattamento Laser > Laser Uomo,LASER Schiena Completa,Epilazione laser
Benessere,Epilazione Brasilian Skin's Braccia,Epilazione laser
Trattamento Epilazione Laser Donna,Inguine totale,Epilazione laser
Trattamento Epilazione Laser Donna,Laser Glutei,Epilazione laser
Trattamento Epilazione Laser Donna,Laser Addome,Epilazione laser
Epilazione Laser Donna,Laser inguine parziale,Epilazione laser
Trattamento Epilazione Laser Donna,Laser Viso Completo,Epilazione laser
Trattamenti Laser  > Laser Donna,Glutei,Epilazione laser
ESTETICA  AVANZATA > LASER,LASER  GAMBA INTERA,Epilazione laser
Trattamento Epilazione Laser Donna,Laser Inguine Integrale,Epilazione laser
Trattamento Epilazione Laser Donna,Laser Gambaletto,Epilazione laser
Trattamento Epilazione Laser Uomo,Laser Petto + Addome,Epilazione laser
Estetica > Trattamento Laser,Metà Gambe Superiore,Epilazione laser
Trattamento Laser > Trattamento Epilazione Laser Uomo,Braccia,Epilazione laser
Epilazione Laser (Uomo),LaserPetto,Epilazione laser
EPILAZIONE LASER,Laser gambe complete,Epilazione laser
Trattamento Epilazione Laser Donna,Laser Viso Completo,Epilazione laser
Epilazione Laser > Laser Uomo,Laser Ascelle,Epilazione laser
nan,Laser labbro,Epilazione laser
Epilazione Laser,Laser basette,Epilazione laser
Trattamento Laser > Trattamento Epilazione Laser Donna,Gambe + Inguine,Epilazione laser
Trattamento Epilazione Laser Donna,Laser Mani,Epilazione laser
Trattamento Epilazione Laser Donna,Laser Glutei,Epilazione laser
Trattamento Epilazione Laser Donna,laser addome,Epilazione laser
Laser Donna,Laser Gambe e Inguine,Epilazione laser
Trattamento Epilazione Laser Donna,Gambe + Inguine,Epilazione laser
Trattamento Epilazione Laser Uomo,Laser Spalle,Epilazione laser
Laser  > Laser Donna,Laser Mani,Epilazione laser
Laser,Laser mento,Epilazione laser
DIODO,Diodo Mezza Gamba,Epilazione laser
EpilFree > Corpo,1/2 Gamba,Epilazione laser
IPL,L.P. INGUINE,Epilazione laser
Non Prenotabili,App Keratina - Capelli Corti,Keratina
Non Prenotabili,App Keratina - Capelli Medi,Keratina
Non Prenotabili,App Keratina - Capelli Lunghi,Keratina
Non Prenotabili,Asciugatura per Keratina - Capelli Corti,Keratina
Non Prenotabili,Asciugatura per Keratina - Capelli Medi,Keratina
Non Prenotabili,Asciugatura per Keratina - Capelli Lunghi,Keratina
Stilistico,App. Keratina,Keratina
Non Prenotabili,Maschera Keratina - Capelli Lunghi,Keratina
Servizi Non prenotabili,App. Keratina Lunghi,Keratina
Femminile Capelli Lunghi,Trattamento Keratina,Keratina
Non Prenotabili,Keratina,Keratina
Donna > Trattamenti,Keratina lisciante da,Keratina
Non Prenotabili,App Keratina - Capelli Lunghi da,Keratina
Trattamento Viso,Make up,Makeup/Trucco
Trattamenti viso,Make-up,Makeup/Trucco
Make-Up,Make-up classico,Makeup/Trucco
nan,Trucco semipermanentre,Makeup/Trucco
Estetica,Trucco,Makeup/Trucco
MAKE-UP,Prova Trucco,Makeup/Trucco
Trucco,"Trucco cerimonia (riservato per giorno di chiusura settimanale, giorni festivi / domenica)",Makeup/Trucco
Manicure,Manicure no smalto,Manicure
Manicure,Manicure + smalto classico,Manicure
Manicure,Manicure Russa + Smalto semipermanente,Manicure
Manicure,Ricostruzione media,Manicure
Manicure,Rimozione,Manicure
Manicure,Rimozione Semipermanente,Manicure
Estetica,Manicure,Manicure
Mani,Manicure + Smalto semipermanente,Manicure
Manicure,Manicure + Smalto semipermanente,Manicure
manicure e pedicure,Applicazione smalto,Manicure
Manicure,Semipermanente Rinforzato,Manicure
Manicure,Manicure +  semipermanente,Manicure
Estetica di Base,Manicure + Smalto classico,Manicure
Manicure,Manicure Estetica con Smalto,Manicure
Estetica > Mani,Smalto Semipermanente Combi,Manicure
Manicure,Ricostruzione Unghie Medio/Lunga,Manicure
Manicure,Semipermanente Rinf. French,Manicure
ESTETICA,Manicure + Semipermanente,Manicure
Manicure,Ricostruzione Unghie,Manicure
Estetica di Base,Rimozione Smalto  Semipermanente,Manicure
Manicure,Semipermanente resistente + French,Manicure
Manicure,Manicure+ Semipermanente,Manicure
nan,Rimozione gel o semipermanente,Manicure
Manicure,Ricostruzione media,Manicure
Manicure,Rimozione microfiber,Manicure
Manicure,Manicure,Manicure
MANI,Manicure spa,Manicure
Manicure,Rimozione + Smalto Semipermanente,Manicure
MANICURE,French e baby boomer,Manicure
Manicure e Ricostruzione Unghie,Rimozione smalto semipermanente mani,Manicure
Manicure,REFIL GEL PLUS,Manicure
Manicure,French | Babyboomer,Manicure
MANI,Semipermanente con rinforzo,Manicure
NAILS,RICOSTRUZIONE CARTINE,Manicure
Trattamenti Mani,Trattamento spa mani,Manicure
"Estetica > Mani, Piedi",DECORAZIONE UNGHIA SINGOLA,Manicure
Mani,Refill in gel,Manicure
mani,copertura acrilico,Manicure
Mani,Ricostruzione unghie,Manicure
NAILS,Ritocco Gel French,Manicure
Trattamenti Mani,Copertura acrilico,Manicure
Estetica,Semipermanente Mani,Manicure
Mani,Spa paraffina,Manicure
Trattamenti Corpo,"Massaggio GAG (Gambe, Addome, Glutei)",Massaggio
Trattamenti Corpo,Massaggio Total Boody Relax,Massaggio
Trattamenti Corpo,Massaggio Schiena Relax,Massaggio
Massaggi,Massaggio Lomi Lomi (70 min),Massaggio
SALONE,MASSAGGIO,Massaggio
Massaggi,Massaggio Drenante,Massaggio
massaggio corpo,relax body massage,Massaggio
Trattamenti Corpo,Massaggio Total Body Relax,Massaggio
Trattamenti Corpo,Massaggio Total Boody Relax,Massaggio
Massaggi  > Massaggi Total Body,Massaggio Defaticante,Massaggio
Cosmesi > Trattamenti Corpo,Massaggio Total Boody Relax,Massaggio
Trattamenti Corpo  > Tratt. Adiposità (Snellente),"Massaggio Personalizzato (Drenante,Stimolante  Metabolico)",Massaggio
MASSAGGI,MASSAGGIO CIRCOLATORIO,Massaggio
MASSAGGI,Massaggio rilassante corpo o Pittabhjangam,Massaggio
MASSAGGI,Massaggio al Pindasweda,Massaggio
Trattamenti Corpo/MASSAGGI,"Total BODY RELAX 60""",Massaggio
Estetica > Trattamenti Corpo,Massaggio 50 m,Massaggio
Femminile > Capelli Lunghi,Massaggio Hair Spa,Massaggio
Trattamenti Corpo,Massaggio Vivaldi,Massaggio
MASSAGGI,MASSAGGIO AYURVEDICO,Massaggio
MASSAGGI,Massaggio dorso 20 min',Massaggio
MASSAGGI,Massaggio Neeraabhjangam o Massaggio Drenante,Massaggio
Massaggi,Massaggio con cristalli,Massaggio
Massaggi  > Massaggi Localizzati,Massaggio Miracle Face metodo Renata Franca Spa,Massaggio
Estetica,massaggio relax 30 minuti,Massaggio
Trattamenti Corpo,Massaggio Total Boody Relax  min. 60,Massaggio
Presso Terapia,Presso-massaggio + bendaggio,Massaggio
MASSAGGI,SAVONAGE,Massaggio
Trattamenti Corpo,massaggio gambe,Massaggio
Area Spa,Percorso SPA + Massaggio Parziale,Massaggio
MASSAGGI,Decontraente schiena,Massaggio
Trattamenti Corpo,"Massaggio GAG (Gambe, Addome, Glutei)",Massaggio
Trattamenti Corpo,Ayurveda Massage,Massaggio
Trattamenti Corpo,"Massaggio GAG (Gambe, Addome, Glutei)",Massaggio
Massaggi,Coppettazione 1,Massaggio
Massaggi,massaggio Linfodrenaggio Completo,Massaggio
Massaggi,MASSAGGIO ANTICELLULITE GAMBE E ADDOME,Massaggio
Non Prenotabili,App Meches Parziali - Capelli Corti,Meches
Non Prenotabili,App Meches Parziali - Capelli Medi,Meches
Non Prenotabili,App Meches Parziali - Capelli Lunghi,Meches
Non Prenotabili,App Meches Completo - Capelli Corti,Meches
Non Prenotabili,App Meches Completo - Capelli Medi,Meches
Non Prenotabili,App Meches Completo - Capelli Lunghi,Meches
Servizi Non prenotabili,App. Meches Lunghi,Meches
Servizi Non prenotabili,App. Meches Medi,Meches
Capelli Corti,Meches Parziali,Meches
Capelli Lunghi,App Meches Completo,Meches
nan,Meches,Meches
Femminile > Capelli Medi,Meches Parziali,Meches
Maschile,Meches,Meches
Femminile > Capelli Medi/Lunghi,Applicazione Meches Parziali,Meches
Pedicure,Pedicure profondo,Pedicure
Pedicure,Pedicure estetico + Smalto classico,Pedicure
Pedicure,Pedicure profondo + Smalto semipermanente,Pedicure
Pedicure,Pedicure profondo + smalto classico,Pedicure
Pedicure,Pedicure + pigmenta,Pedicure
Pedicure,Pedicure Estetica,Pedicure
Pedicure,Pedicure Estetico,Pedicure
Manicure/Pedicure,Pedicure+Trattamento CallusanPeeling+Semipermanente,Pedicure
Piedi,Pedicure estetico con Semipermanente,Pedicure
Beauty Feet,Pedicure con semipermanente,Pedicure
Pedicure,Pedicure profondo + smalto classico,Pedicure
Pedicure,Pedicure estetico,Pedicure
Pedicure,Pedicure Estetico + semipermanente,Pedicure
Pedicure,Pedicure SPA 2.0 + Semipermanente,Pedicure
Trattamenti Estetici > Mani e Piedi,Pedicure Estetico,Pedicure
nan,rimozione semipermanente + pedicure,Pedicure
Estetica,Pedicure + Smalto Semipermanente + french,Pedicure
NAILS,French Pedicure,Pedicure
Pedicure,Ricostruzione unghia alluce,Pedicure
Pedicure,Pedicure + Paraffina,Pedicure
Estetica > Pedicure,Pedicure profondo + Smalto classico,Pedicure
Pedicure Professionale Senza Lame,Rimozione callo,Pedicure
Pedicure,Massaggio Piedi,Pedicure
Piedi,Callo,Pedicure
Non Prenotabili,App Permanente - Capelli Corti,Permanente
Non Prenotabili,App Permanente - Capelli Medi,Permanente
Non Prenotabili,App Permanente - Capelli Lunghi,Permanente
SERVIZI DONNA,PERMANENTE CAPELLI CORTI,Permanente
Servizi Non prenotabili,App. Permanente Corti,Permanente
ZDa eliminare > *Non Prenotabili da eliminare,App Permanente - Capelli Lunghi,Permanente
Servizi Non prenotabili,App. Permanente Corti,Permanente
Non Prenotabili,App Permanente - Capelli Lunghi,Permanente
Capelli Lunghi,App. Permanente,Permanente
Maschile,Permanente,Permanente
Donna > Capelli Medi,Applicazione Permanente,Permanente
Non Prenotabili,Piega - Capelli Corti,Piega
Non Prenotabili,Piega - Capelli Medi,Piega
Non Prenotabili,Piega - Capelli Lunghi,Piega
Maschile,Shampoo e Piega,Piega
Femminile Capelli Lunghi,Piega Lunga,Piega
Capelli Corti / Medi,Piega,Piega
nan,Piega capelli medio/lunghi,Piega
Capelli Lunghi,Piega Cocktail,Piega
nan,Piega Medio/Corta,Piega
Femminile,Piega (corto),Piega
Capelli Corti,Acconciatura,Piega
Maschile,Piega,Piega
Piega,Piega Gloss,Piega
Servizi Non prenotabili,Piega Corti,Piega
DONNA > Capelli Lunghi,acconciatura sposa,Piega
PIEGA,ACCONCIATURA SPOSA,Piega
Servizi Non prenotabili,Piega Medi,Piega
Maschile,Shampoo e Piega,Piega
nan,Shampoo e Piega,Piega
Femminile Capelli Medi,Piega,Piega
Servizi Non prenotabili,Piega Media,Piega
Servizi Non prenotabili,Piega corti,Piega
Servizi Non prenotabili,Piega Lunga,Piega
nan,ACCONCIATURA SPOSA,Piega
Non Prenotabili,Stiraggio,Piega
Servizi Non prenotabili,APP. STIRAGGIO LUNGHI,Piega
Sposa,Wedding hair,Piega
Maschile,Shampoo e Acconciatura con pulizia collo,Piega
Femminile > Eventi,Acconciatura Sposa,Piega
Femminile > Capelli Lunghi > Senza Taglio,Acconciatura,Piega
Non Prenotabili,Lo Shirodhara - Capelli Lunghi,Piega
Non Prenotabili,Stiraggio,Piega
FEMMINILE > TAGLIO&PIEGA,ACCONCIATURA DA,Piega
Capelli Medi > Capelli Medi Con Taglio,Acconciatura,Piega
Non Prenotabili,Aggiunta Piega Babyliss Tempo in più - Capelli Corti,Piega babyliss
Non Prenotabili,Aggiunta Piega Babyliss Tempo in più - Capelli Medi,Piega babyliss
Non Prenotabili,Aggiunta Piega Babyliss Tempo in più - Capelli Lunghi,Piega babyliss
Senza Taglio,Aggiunta Piega Babyliss Tempo in più,Piega babyliss
Capelli Corti > Senza Taglio,Aggiunta Piega Babyliss Tempo in più,Piega babyliss
Femminile > Capelli Corti > Senza Taglio,"Aggiunta Piega Piastra/ Onde/ Babyliss, Frisè",Piega babyliss
Capelli Lunghi > Senza Taglio,Aggiunta Piega Babyliss Tempo in più,Piega babyliss
Non Prenotabili,Aggiunta Piega Frisè Tempo in più - Capelli Corti,Piega Frisè
Non Prenotabili,Aggiunta Piega Frisè Tempo in più - Capelli Medi,Piega Frisè
Non Prenotabili,Aggiunta Piega Frisè Tempo in più - Capelli Lunghi,Piega Frisè
nan,Aggiunta Piega Frisè,Piega Frisè
Capelli Lunghi > Con Taglio,Aggiunta Piega Frisè Tempo in più - Capelli Lunghi,Piega Frisè
Salone Femminile > Capelli Medi > Senza Taglio,Aggiunta Piega Frisè,Piega Frisè
Acconciature > Capelli Corti > Senza Taglio,Aggiunta Piega Frisè Tempo in più,Piega Frisè
Non Prenotabili,Aggiunta Piega Onde Tempo in più - Capelli Corti,Piega onde
Non Prenotabili,Aggiunta Piega Onde Tempo in più - Capelli Medi,Piega onde
Non Prenotabili,Aggiunta Piega Onde Tempo in più - Capelli Lunghi,Piega onde
Acconciature > Capelli Corti > Con Taglio,Aggiunta Piega Onde Tempo in più,Piega onde
Femminile > Con Taglio,Aggiunta Piega Onde Tempo in più,Piega onde
Capelli Corti > Senza Taglio,Aggiunta Piega Onde Tempo in più,Piega onde
Salone Femminile > Capelli Medi > Senza Taglio,Aggiunta Piega Onde,Piega onde
Capelli Lunghi > Con Taglio,Aggiunta Piega Onde Tempo in più - Capelli Lunghi,Piega onde
Non Prenotabili,Aggiunta Piega Piastra Tempo in più - Capelli Corti,Piega piastra
Non Prenotabili,Aggiunta Piega Piastra Tempo in più - Capelli Medi,Piega piastra
Non Prenotabili,Aggiunta Piega Piastra Tempo in più - Capelli Lunghi,Piega piastra
Da eliminare > Capelli Corti > Senza Taglio,Aggiunta Piega Piastra Tempo in più,Piega piastra
Femminile > Senza Taglio,Aggiunta Piega Piastra Tempo in più,Piega piastra
Da eliminare > Capelli Lunghi > Senza Taglio,Aggiunta Piega Piastra Tempo in più,Piega piastra
Presso Terapia,Presso-massaggio completo,Presso terapia
Presso Terapia,Presso-massaggio + bendaggio,Presso terapia
Pressoterapia,spalmazione prodotto prima della presso,Presso terapia
Trattamenti Corpo,Presso Terapia 30,Presso terapia
Trattamenti corpo,pressoterapia + bendaggio,Presso terapia
Non Prenotabili,Trat Pulizia Cute - Capelli Corti,Pulizia cute
Non Prenotabili,Trat Pulizia Cute - Capelli Medi,Pulizia cute
Non Prenotabili,Trat Pulizia Cute - Capelli Lunghi,Pulizia cute
Capelli Medi,Trat Pulizia Cute,Pulizia cute
Maschile,Trattamento pulizia cute con Shampoo Specifico,Pulizia cute
Capelli Lunghi,Pulizia cute con ossigeno,Pulizia cute
Non Prenotabili,Trat Pulizia Cute - Capelli Corti,Pulizia cute
Non Prenotabili,App Riflessante - Capelli Corti,Riflessante
Non Prenotabili,App Riflessante - Capelli Medi,Riflessante
Non Prenotabili,App Riflessante - Capelli Lunghi,Riflessante
Servizi Non prenotabili,App. Riflessante Medi,Riflessante
Capelli Corti,Riflessante al Lavaggio,Riflessante
Trattamenti Corpo,Scrub Viso corpo,Trattamenti Corpo
Trattamenti Corpo,Scrub + crema,Trattamenti Corpo
Hair SPA benessere,Scrub Esfoliante,Trattamenti Corpo
Trattamenti Corpo & Viso,Scrub,Trattamenti Corpo
"Estetica > Corpo, Trattamenti e Massaggi",SCRUB TOTAL BODY,Trattamenti Corpo
Non Prenotabili,Shampoo - Capelli Corti,Shampoo
Non Prenotabili,Shampoo - Capelli Medi,Shampoo
Non Prenotabili,Shampoo - Capelli Lunghi,Shampoo
Femminile Capelli Corti,Shampoo,Shampoo
Trattamenti,Shampoo,Shampoo
Femminile,Shampoo,Shampoo
Servizi Non prenotabili,Shampoo Medi,Shampoo
Capelli Corti/Medi,Shampoo,Shampoo
Profumi & idee regalo,Shampoo uso frequente,Shampoo
Non Prenotabili,Shampoo - Capelli Lunghi,Shampoo
Acconciature > Capelli Medi > Senza Taglio,Shampoo con Massaggio,Shampoo
Capelli Medi,Shampoo,Shampoo
Servizi Non prenotabili,Shampoo Corti,Shampoo
Servizi Non prenotabili,Shampoo,Shampoo
Femminile > Capelli Corti,Shampoo,Shampoo
Capelli,Shampoo,Shampoo
Capelli Lunghi,Shampoo,Shampoo
trattamenti,Shampoo Fisiocosmesi,Shampoo
Trattamenti,Shampoo + Maschera,Shampoo
Capelli Lunghi,Shampoo Keratina,Shampoo
EPILAZIONE,SOPRACCIGLIA,Ciglia/Sopracciglia
Ceretta > Ceretta Donna,Sopracciglia Pinzetta,Ciglia/Sopracciglia
Sopracciglia & Ciglia,Colorazione Sopracciglia,Ciglia/Sopracciglia
Henné ciglia/sopracciglia,Tinta ciglia,Ciglia/Sopracciglia
CIGLIA E SOPRACCIGLIA,EXTENSION CIGLIA,Ciglia/Sopracciglia
sopracc,sopracciglia,Ciglia/Sopracciglia
Extra,Sopracciglia,Ciglia/Sopracciglia
Ciglia / Sopracciglia,Laminazione Ciglia,Ciglia/Sopracciglia
Ceretta uomo,Sopracciglia,Ciglia/Sopracciglia
Sopracciglia & Ciglia,Lash Filler,Ciglia/Sopracciglia
Estetica,Sopracciglia,Ciglia/Sopracciglia
ESTETICA DI BASE,Epilazione sopracciglia,Ciglia/Sopracciglia
Estetica > Epilazione Wax Secret,Labiale e sopracciglia,Ciglia/Sopracciglia
Sopracciglia & Ciglia,Extension ciglia volume,Ciglia/Sopracciglia
Trattamenti viso,Laminazione Ciglia  o Sopracciglia,Ciglia/Sopracciglia
Trattamenti viso,LAMINAZIONE CIGLIA,Ciglia/Sopracciglia
Ciglia,Extention Ciglia one to one,Ciglia/Sopracciglia
Trattamenti Viso,Laminazione Ciglia,Ciglia/Sopracciglia
Non Prenotabili,Taglio - Capelli Corti,Taglio
Non Prenotabili,Taglio - Capelli Medi,Taglio
Non Prenotabili,Taglio - Capelli Lunghi,Taglio
Non Prenotabili,Taglio Bimbo/A - Capelli Corti,Taglio
Non Prenotabili,Taglio Bimbo/A - Capelli Medi,Taglio
Non Prenotabili,Taglio Bimbo/A - Capelli Lunghi,Taglio
Maschile,Taglio e Shampoo,Taglio
Maschile,Taglio Style,Taglio
Maschile,Taglio Baby,Taglio
Maschine,Taglio razor,Taglio
Non Prenotabili,Taglio Bimbo/A - Capelli Medi,Taglio
Barberia,Taglio Baby,Taglio
Non Prenotabili,Taglio Bimbo/A,Taglio
Non Prenotabili,Taglio ragazzo,Taglio
Stilistico,Shampoo e Taglio capelli Lunghi,Taglio
nan,taglio man,Taglio
Servizi Non prenotabili,Taglio Medi,Taglio
Capelli Corti > Con Taglio,Onde,Taglio
Capelli,Taglio bimbo,Taglio
Capelli Corti,Taglio,Taglio
nan,Taglio Bimbo,Taglio
Taglio,Taglio_Donna,Taglio
TAGLIO UOMO,TAGLIO A FORBICI & SHAMPOO,Taglio
TAGLIO - BARBA - SERVIZI VARI (UOMO),Hair tattoo,Taglio
Servizi Non prenotabili,Taglio Corti,Taglio
nan,TAGLIO + BARBA,Taglio
Maschile,Taglio e Shampoo,Taglio
nan,Taglio Vinz,Taglio
Pedicure,taglio unghie,Taglio
Maschile,Taglio e Shampoo,Taglio
nan,Taglio capelli e barba chiunque,Taglio
Capelli corti / Medi,Taglio Bimba/o,Taglio
Capelli > Maschile,Rasatura all'Italiana,Taglio
Maschile,"Taglio, Shampoo e Barba",Taglio e barba
Eventi,Completo (Shampoo + Taglio+ Barba,Taglio e barba
Maschile,"Taglio , Shampoo e Barba",Taglio e barba
Non Prenotabili,Tonalizzante - Capelli Corti,Tonalizzante
Non Prenotabili,Tonalizzante - Capelli Medi,Tonalizzante
Non Prenotabili,Tonalizzante - Capelli Lunghi,Tonalizzante
Parrucchiere Donna,App. Tonalizzante,Tonalizzante
Femminile Capelli Medi/Lunghi,Tonalizzante,Tonalizzante
Servizi Non prenotabili,App. Tonalizzante Medi,Tonalizzante
Capelli Medi,App. Tonalizzante,Tonalizzante
Non Prenotabili,Tonalizzante,Tonalizzante
Capelli Lunghi,Tonalizzante,Tonalizzante
Trattamenti Corpo,"Trattamento con bendaggi (Drenanti, Riducenti, Tonificanti)",Trattamenti Corpo
Trattamenti con Bendaggi,Bendaggio addome + massaggio (20 min),Trattamenti Corpo
Trattamenti Corpo,"Trattamento con bendaggi (Drenanti, Riducenti, Tonificanti)",Trattamenti Corpo
Trattamenti Corpo,"Trattamento con bendaggi (Drenanti, Riducenti, Tonificanti, bio kalco)",Trattamenti Corpo
Trattamenti Corpo,Radiofrequenza Glutei?,Trattamenti Corpo
Trattamenti,Trattamento Botox,Trattamenti Corpo
Trattamenti Corpo  > Tratt. Pre e Post Epilazione,Pre Epilazione (Scrub Total Body - Esfoliazione),Trattamenti Corpo
Trattamenti Corpo  > Tratt. Ritenzione Idrica Arti Inferiori (Defatican,Sale Ocean Sea (Scambi Cellulari),Trattamenti Corpo
TRATTAMENTI CORPO,Fango/bendaggio,Trattamenti Corpo
Doccia Solare,Doccia Solare,Trattamenti Corpo
Doccia solare,Doccia solare 12min,Trattamenti Corpo
Trattamenti Corpo,Ultrasuoni gamba + fango localizzato + massaggio gambe,Trattamenti Corpo
Trattamenti corpo,Calco Addominale,Trattamenti Corpo
CORPO,Impacco Nutriente Corpo,Trattamenti Corpo
CORPO,SLIM UP DRAIN,Trattamenti Corpo
TRATTAMENTI VISO E CORPO UOMO/DONNA,Fanghi Corpo,Trattamenti Corpo
nan,Tecnologia ultrasuoni e infrarossi,Trattamenti Corpo
Corpo > Trattamenti Corpo,Body Tone,Trattamenti Corpo
Trattamenti Corpo,Bagno Turco + Fango,Trattamenti Corpo
Trattamenti corpo,Trattamento esfoliante gambe,Trattamenti Corpo
Trattamenti Corpo,Trattamento scrub corpo,Trattamenti Corpo
Trattamenti Corpo,Scrub Viso corpo,Trattamenti Corpo
Trattamenti corpo,FANGHI,Trattamenti Corpo
Trattamenti corpo,Thermosauna con fango specifico,Trattamenti Corpo
Trattamenti Corpo  > Tratt. Post Gravidanza (Neo Mamma),Fangomassaggio (Attivatore Metabolico),Trattamenti Corpo
Trattamenti Corpo  > Tratt. Adiposità (Snellente),Sale Total Body (Scambi Cellulari),Trattamenti Corpo
nan,RIFLESSOLOGIA PLANTARE,Trattamenti Corpo
Radiofrequenza,Radiofrequenza Braccia,Trattamenti Corpo
TRATTAMENTI VISO E CORPO UOMO/DONNA,Bendaggi,Trattamenti Corpo
nan,rimozione semi,Trattamenti Corpo
TRATTAMENTO CORPO,SCRUB CORPO,Trattamenti Corpo
Trattamenti corpo,SCRUB CORPO,Trattamenti Corpo
Servizi,Crioterapia,Trattamenti Corpo
Lampada Solarium,Lampada Solarium con breeze e acido ialuronico,Trattamenti Corpo
Trattamenti Corpo,Trattamenti di Benvenuto Corpo,Trattamenti Corpo
CURE ESTETICHE DEL CORPO,Trattamento con fangoaroma terapia,Trattamenti Corpo
nan,Radiofrequenza a zona,Trattamenti Corpo
Trattamenti viso,Pulizia viso,Trattamenti viso
Trattamenti viso,Trattamento illuminante,Trattamenti viso
Trattamenti viso,Trattamento Anti-age,Trattamenti viso
Trattamenti viso,Trattamento agli Alfa-idrossiacidi (anti-macchie),Trattamenti viso
Trattamenti Viso,Time Synergists,Trattamenti viso
TRATTAMENTI VISO,Igiene cosmetica biologica,Trattamenti viso
Estetica > Trattamenti Viso,Trattamento agli Alfa-idrossiacidi (anti-macchie),Trattamenti viso
Trattamenti viso,Pulizia viso,Trattamenti viso
Viso > Trattamenti Viso,Fili di Collagene,Trattamenti viso
Trattamenti Viso,Trattamento Anti-age,Trattamenti viso
Trattamenti viso,Trattamento agli Alfa-idrossiacidi (anti-macchie),Trattamenti viso
Viso,Pulizia viso,Trattamenti viso
trattamenti viso,SKINCARE DELUX,Trattamenti viso
Trattamenti viso,"Preparazione pulizioa viso, detersione scrub e vapore",Trattamenti viso
Trattamenti Viso,Detox Histomer,Trattamenti viso
Viso,trattamento fotobiostimolazione con maschera LED,Trattamenti viso
Trattamenti Viso,Acido Glicolico,Trattamenti viso
nan,Viso Completo,Trattamenti viso
Viso,Rimozione Extension,Trattamenti viso
Estetica > Viso,Trattamento Life,Trattamenti viso
Viso,Wish Treatment,Trattamenti viso
Trattamenti viso,Trattamento fotobiostimolazione con maschera LED,Trattamenti viso
trattamenti viso,Post Acne,Trattamenti viso
Viso,Pulizia viso,Trattamenti viso
Estetica > Viso / Corpo,Trattamenti Viso + Scub,Trattamenti viso
Trattamenti Viso,Montaggio maschera led,Trattamenti viso
Trattamenti Speciali Benessere,Trattamento Intensivo Ocean Lift (liftante anti-age),Trattamenti viso
Trattamenti viso,Pulizia viso personalizzata,Trattamenti viso
Trattamenti Viso,Dermopigmentazione Labbra,Trattamenti viso
Non Prenotabili,Trattamento - Capelli Corti,Trattamento capelli
Non Prenotabili,Trattamento - Capelli Medi,Trattamento capelli
Non Prenotabili,Trattamento - Capelli Lunghi,Trattamento capelli
Non Prenotabili,Ricostruzione - Capelli Corti,Trattamento capelli
Non Prenotabili,Ricostruzione - Capelli Medi,Trattamento capelli
Non Prenotabili,Ricostruzione - Capelli Lunghi,Trattamento capelli
Maschile,Trattamento Capelli,Trattamento capelli
Femminile,Ricostruzione keratina,Trattamento capelli
Pedicure,Trattamento bellezza piedi Calluspeeling,Trattamento capelli
Femminile Capelli Corti,Ricostruzione (corti),Trattamento capelli
Servizi Non prenotabili,App. Ricostruzione Medi,Trattamento capelli
Non Prenotabili,Ricostruzione - Capelli Corti,Trattamento capelli
Servizi Tecnici,Trattamento Capelli,Trattamento capelli
Femminile Capelli Corti,Lozione Specifica,Trattamento capelli
Hair Treatment,Laminazione capelli,Trattamento capelli
nan,anticaduta,Trattamento capelli
nan,Trat Ossigeno Anticaduta + Shampoo + Piega,Trattamento capelli
Da eliminare > Capelli Lunghi > Senza Taglio,Smontaggio extencion,Trattamento capelli
nan,LAMINAZIONE PAUL RIVERA,Trattamento capelli
Capelli Lunghi,Maschera Colorata,Trattamento capelli
Capelli Lunghi,Anticrespo,Trattamento capelli
Servizi Non prenotabili,App. Metal Detox Medi,Trattamento capelli
Non Prenotabili,Toning - Capelli Medi,Trattamento capelli
Servizi Non prenotabili,CREMA KERASTASE,Trattamento capelli
Femminile > Capelli Lunghi > Capelli Lunghi Senza Taglio,Trattamento cellula madre,Trattamento capelli
esteta take care,extension con nodino,Trattamento capelli
Maschile,Schiariture,Trattamento capelli
EpilFree > Intimo,Brazilian,Ceretta
EpilFree > Intimo,Hollywood (integrale),Ceretta
EpilFree > Corpo,1/2 Gamba,Ceretta
EpilFree > Corpo,1/2 Braccio,Ceretta
EpilFree > Corpo,3/4 Gamba,Ceretta
EpilFree > Corpo,Gambe complete,Ceretta
EpilFree > Corpo,Braccia complete,Ceretta
EpilFree > Corpo,Petto / Pancia,Ceretta
EpilFree > Corpo,Schiena,Ceretta
Uomo,Taglio uomo + shampoo,Taglio
Uomo,taglio uomo razor + shampoo,Taglio
Uomo,taglio uomo razor,Taglio
Uomo,taglio razor,Taglio
Uomo,taglio e piega,Taglio
Donna,taglio donna e piega corta,Taglio
Donna,taglio donna e piega media,Taglio
Donna,taglio donna e piega lunga,Taglio
Donna,taglio e piega corta,Taglio
Donna,taglio e piega media,Taglio
Donna,taglio e piega lunga,Taglio
Donna,taglio e piega,Taglio
Donna,taglio donna e piega,Taglio
Donna,applicazione colore,Colore
applicazioni tecniche,servizio tecnico,Trattamento capelli
Servizi Uomo,	Taglio,	Taglio
Servizi Uomo,	Shampoo + Taglio,	Taglio
Servizi Uomo,	Shampoo + Lozione,	Trattamento capelli
Servizi Uomo,	Lozione,	Trattamento capelli
Servizi Uomo,	Barba,	Barba
Servizi Uomo,	Sfumatura,	Taglio
Servizi Donna,	Shampo e Piega (capelli corti),	Piega
Servizi Donna,	Shampo e Piega (capelli media lunghezza),	Piega
Servizi Donna,	Shampo e Piega (capelli lunghi),	Piega
Servizi Uomo,	Taglio bambino,	Taglio
Servizi Donna,	Pettinata,	Piega
Servizi Uomo,	App. Colore,	Colore
Laser corpo,	laser ascelle,	Epilazione laser
Laser corpo,	laser inguine,	Epilazione laser
Laser corpo,	laser gambe,	Epilazione laser
Laser corpo,	laser braccia,	Epilazione laser
Laser corpo,	laser gambaletto,	Epilazione laser
Laser corpo,	laser coscia,	Epilazione laser
Laser corpo,	laser viso completo,	Epilazione laser
Laser corpo,	laser petto uomo,	Epilazione laser
Laser corpo,	laser schiena uomo,	Epilazione laser
Parrucchiere,	Tinta,	Colore
LASER,	Zona piccola,	Epilazione laser
LASER,	Zona media,	Epilazione laser
LASER,	Zona media top,	Epilazione laser
LASER, Zona grande,	Epilazione laser